,휴일이름,date
0,신정,2013-01-01
1,설날,2013-02-09
2,설날,2013-02-10
3,설날,2013-02-11
4,삼일절,2013-03-01
5,어린이 날,2013-05-05
6,석가탄신일,2013-05-17
7,현충일,2013-06-06
8,광복절,2013-08-15
9,추석,2013-09-18
10,추석,2013-09-19
11,추석,2013-09-20
12,개천절,2013-10-03
13,기독탄신일,2013-12-25
14,신정,2014-01-01
15,설날,2014-01-30
16,설날,2014-01-31
17,설날,2014-02-01
18,삼일절,2014-03-01
19,어린이날,2014-05-05
20,석가탄신일,2014-05-06
21,동시지방선거일,2014-06-04
22,현충일,2014-06-06
23,광복절,2014-08-15
24,추석,2014-09-07
25,추석,2014-09-08
26,추석,2014-09-09
27,대체공휴일,2014-09-10
28,개천절,2014-10-03
29,한글날,2014-10-09
30,기독탄신일,2014-12-25
31,신정,2015-01-01
32,설날,2015-02-18
33,설날,2015-02-19
34,설날,2015-02-20
35,삼일절,2015-03-01
36,어린이날,2015-05-05
37,석가탄신일,2015-05-25
38,현충일,2015-06-06
39,광복절,2015-08-15
40,추석,2015-09-26
41,추석,2015-09-27
42,추석,2015-09-28
43,대체공휴일,2015-09-29
44,개천절,2015-10-03
45,한글날,2015-10-09
46,기독탄신일,2015-12-25
47,신정,2016-01-01
48,설날,2016-02-07
49,설날,2016-02-08
50,설날,2016-02-09
51,대체공휴일,2016-02-10
52,삼일절,2016-03-01
53,국회의원선거일,2016-04-13
54,어린이날,2016-05-05
55,석가탄신일,2016-05-14
56,현충일,2016-06-06
57,광복절,2016-08-15
58,추석,2016-09-14
59,추석,2016-09-15
60,추석,2016-09-16
61,개천절,2016-10-03
62,한글날,2016-10-09
63,기독탄신일,2016-12-25
64,신정,2017-01-01
65,설날,2017-01-27
66,설날,2017-01-28
67,설날,2017-01-29
68,대체공휴일,2017-01-30
69,삼일절,2017-03-01
70,석가탄신일,2017-05-03
71,어린이날,2017-05-05
72,대통령선거일,2017-05-09
73,현충일,2017-06-06
74,광복절,2017-08-15
75,임시공휴일,2017-10-02
76,개천절,2017-10-03
77,추석,2017-10-03
78,추석,2017-10-04
79,추석,2017-10-05
80,대체공휴일,2017-10-06
81,한글날,2017-10-09
82,기독탄신일,2017-12-25
83,1월1일,2018-01-01
84,설날,2018-02-15
85,설날,2018-02-16
86,설날,2018-02-17
87,삼일절,2018-03-01
88,어린이날,2018-05-05
89,대체휴무일,2018-05-07
90,부처님오신날,2018-05-22
91,현충일,2018-06-06
92,전국동시지방선거,2018-06-13
93,광복절,2018-08-15
94,추석,2018-09-23
95,추석,2018-09-24
96,추석,2018-09-25
97,대체휴무일,2018-09-26
98,개천절,2018-10-03
99,한글날,2018-10-09
100,기독탄신일,2018-12-25
